DateTime,PV,Grid,Load
12/8/2025 00:00,0,1721,1721
12/8/2025 00:05,0,1713,1713
12/8/2025 00:10,0,2264,2264
12/8/2025 00:15,0,1779,1779
12/8/2025 00:20,0,1784,1784
12/8/2025 00:25,0,1782,1782
12/8/2025 00:30,0,2237,2237
12/8/2025 00:35,0,1812,1812
12/8/2025 00:40,0,1786,1786
12/8/2025 00:45,0,1898,1898
12/8/2025 00:50,0,1795,1795
12/8/2025 00:55,0,2094,2094
12/8/2025 01:00,0,1727,1727
12/8/2025 01:05,0,2193,2193
12/8/2025 01:10,0,1722,1722
12/8/2025 01:15,0,1838,1838
12/8/2025 01:20,0,1728,1728
12/8/2025 01:25,0,1723,1723
12/8/2025 01:30,0,1725,1725
12/8/2025 01:35,0,1729,1729
12/8/2025 01:40,0,2137,2137
12/8/2025 01:45,0,1885,1885
12/8/2025 01:50,0,1773,1773
12/8/2025 01:55,0,1774,1774
12/8/2025 02:00,0,1776,1776
12/8/2025 02:05,0,1787,1787
12/8/2025 02:10,0,1792,1792
12/8/2025 02:15,0,1903,1903
12/8/2025 02:20,0,1786,1786
12/8/2025 02:25,0,1718,1718
12/8/2025 02:30,0,2160,2160
12/8/2025 02:35,0,1710,1710
12/8/2025 02:40,0,1712,1712
12/8/2025 02:45,0,1831,1831
12/8/2025 02:50,0,2079,2079
12/8/2025 02:55,0,1710,1710
12/8/2025 03:00,0,1713,1713
12/8/2025 03:05,0,1775,1775
12/8/2025 03:10,0,1782,1782
12/8/2025 03:15,0,2145,2145
12/8/2025 03:20,0,1888,1888
12/8/2025 03:25,0,1777,1777
12/8/2025 03:30,0,1779,1779
12/8/2025 03:35,0,1781,1781
12/8/2025 03:40,0,1779,1779
12/8/2025 03:45,0,1780,1780
12/8/2025 03:50,0,1822,1822
12/8/2025 03:55,0,1713,1713
12/8/2025 04:00,0,1711,1711
12/8/2025 04:05,0,1727,1727
12/8/2025 04:10,0,1716,1716
12/8/2025 04:15,0,1722,1722
12/8/2025 04:20,0,1833,1833
12/8/2025 04:25,0,2086,2086
12/8/2025 04:30,0,2158,2158
12/8/2025 04:35,0,1775,1775
12/8/2025 04:40,0,1776,1776
12/8/2025 04:45,0,1786,1786
12/8/2025 04:50,0,1782,1782
12/8/2025 04:55,0,1891,1891
12/8/2025 05:00,0,1784,1784
12/8/2025 05:05,0,1736,1736
12/8/2025 05:10,0,1369,1369
12/8/2025 05:15,0,1213,1213
12/8/2025 05:20,0,987,987
12/8/2025 05:25,0,1091,1091
12/8/2025 05:30,0,960,960
12/8/2025 05:35,0,974,974
12/8/2025 05:40,0,982,982
12/8/2025 05:45,0,1004,1004
12/8/2025 05:50,0,1004,1004
12/8/2025 05:55,23,1106,1129
12/8/2025 06:00,0,1069,1069
12/8/2025 06:05,57,1009,1066
12/8/2025 06:10,79,1309,1388
12/8/2025 06:15,100,1419,1519
12/8/2025 06:20,122,1398,1520
12/8/2025 06:25,149,1465,1614
12/8/2025 06:30,177,1316,1493
12/8/2025 06:35,205,1283,1488
12/8/2025 06:40,238,1252,1490
12/8/2025 06:45,274,1146,1420
12/8/2025 06:50,312,1403,1715
12/8/2025 06:55,355,1370,1725
12/8/2025 07:00,403,841,1244
12/8/2025 07:05,456,1126,1582
12/8/2025 07:10,504,659,1163
12/8/2025 07:15,551,835,1386
12/8/2025 07:20,572,854,1426
12/8/2025 07:25,599,929,1528
12/8/2025 07:30,604,1483,2087
12/8/2025 07:35,629,1003,1632
12/8/2025 07:40,668,1375,2043
12/8/2025 07:45,689,927,1616
12/8/2025 07:50,720,1543,2263
12/8/2025 07:55,879,1482,2361
12/8/2025 08:00,870,2038,2908
12/8/2025 08:05,811,1642,2453
12/8/2025 08:10,917,1362,2279
12/8/2025 08:15,851,2439,3290
12/8/2025 08:20,802,2939,3741
12/8/2025 08:25,816,2945,3761
12/8/2025 08:30,794,2992,3786
12/8/2025 08:35,772,4683,5455
12/8/2025 08:40,819,4602,5421
12/8/2025 08:45,915,4324,5239
12/8/2025 08:50,1052,4177,5229
12/8/2025 08:55,1157,4462,5619
12/8/2025 09:00,1251,3988,5239
12/8/2025 09:05,1332,3470,4802
12/8/2025 09:10,1372,3194,4566
12/8/2025 09:15,1593,2392,3985
12/8/2025 09:20,1621,2385,4006
12/8/2025 09:25,1756,2458,4214
12/8/2025 09:30,1754,2543,4297
12/8/2025 09:35,1805,3880,5685
12/8/2025 09:40,1713,3687,5400
12/8/2025 09:45,1830,3791,5621
12/8/2025 09:50,1770,4305,6075
12/8/2025 09:55,1910,4703,6613
12/8/2025 10:00,2087,3659,5746
12/8/2025 10:05,2252,3821,6073
12/8/2025 10:10,2045,2466,4511
12/8/2025 10:15,2194,2960,5154
12/8/2025 10:20,2104,2118,4222
12/8/2025 10:25,2229,3908,6137
12/8/2025 10:30,1637,4247,5884
12/8/2025 10:35,1594,3904,5498
12/8/2025 10:40,2035,2915,4950
12/8/2025 10:45,2231,3200,5431
12/8/2025 10:50,2891,2466,5357
12/8/2025 10:55,1506,3130,4636
12/8/2025 11:00,2674,1205,3879
12/8/2025 11:05,3107,1529,4636
12/8/2025 11:10,2893,1683,4576
12/8/2025 11:15,1720,2583,4303
12/8/2025 11:20,839,2909,3748
12/8/2025 11:25,593,4119,4712
12/8/2025 11:30,600,4411,5011
12/8/2025 11:35,849,3752,4601
12/8/2025 11:40,716,3941,4657
12/8/2025 11:45,699,4014,4713
12/8/2025 11:50,884,4713,5597
12/8/2025 11:55,1331,3943,5274
12/8/2025 12:00,1426,3537,4963
12/8/2025 12:05,1162,3893,5055
12/8/2025 12:10,1938,3263,5201
12/8/2025 12:15,1200,2916,4116
12/8/2025 12:20,1320,3875,5195
12/8/2025 12:25,1370,4325,5695
12/8/2025 12:30,1693,4356,6049
12/8/2025 12:35,1844,3812,5656
12/8/2025 12:40,1041,4173,5214
12/8/2025 12:45,906,4163,5069
12/8/2025 12:50,669,4293,4962
12/8/2025 12:55,759,4388,5147
12/8/2025 13:00,925,3325,4250
12/8/2025 13:05,705,3105,3810
12/8/2025 13:10,815,4620,5435
12/8/2025 13:15,318,3398,3716
12/8/2025 13:20,172,3555,3727
12/8/2025 13:25,184,4860,5044
12/8/2025 13:30,272,5151,5423
12/8/2025 13:35,385,4232,4617
12/8/2025 13:40,582,5642,6224
12/8/2025 13:45,747,4366,5113
12/8/2025 13:50,860,4330,5190
12/8/2025 13:55,834,3435,4269
12/8/2025 14:00,894,4036,4930
12/8/2025 14:05,814,4118,4932
12/8/2025 14:10,664,4499,5163
12/8/2025 14:15,524,4485,5009
12/8/2025 14:20,377,4653,5030
12/8/2025 14:25,287,5269,5556
12/8/2025 14:30,230,5330,5560
12/8/2025 14:35,234,5263,5497
12/8/2025 14:40,262,5422,5684
12/8/2025 14:45,189,5291,5480
12/8/2025 14:50,199,4763,4962
12/8/2025 14:55,277,4972,5249
12/8/2025 15:00,317,4639,4956
12/8/2025 15:05,317,4647,4964
12/8/2025 15:10,329,5355,5684
12/8/2025 15:15,325,4618,4943
12/8/2025 15:20,238,4640,4878
12/8/2025 15:25,155,4716,4871
12/8/2025 15:30,209,4579,4788
12/8/2025 15:35,229,4571,4800
12/8/2025 15:40,225,5178,5403
12/8/2025 15:45,245,4762,5007
12/8/2025 15:50,260,3832,4092
12/8/2025 15:55,227,5160,5387
12/8/2025 16:00,197,5054,5251
12/8/2025 16:05,224,4653,4877
12/8/2025 16:10,202,3682,3884
12/8/2025 16:15,162,3955,4117
12/8/2025 16:20,160,3465,3625
12/8/2025 16:25,164,3224,3388
12/8/2025 16:30,163,3249,3412
12/8/2025 16:35,147,3241,3388
12/8/2025 16:40,114,3384,3498
12/8/2025 16:45,81,3631,3712
12/8/2025 16:50,67,3764,3831
12/8/2025 16:55,46,1636,1682
12/8/2025 17:00,0,1866,1866
12/8/2025 17:05,0,2462,2462
12/8/2025 17:10,0,2561,2561
12/8/2025 17:15,0,2466,2466
12/8/2025 17:20,0,2454,2454
12/8/2025 17:25,0,2203,2203
12/8/2025 17:30,0,2586,2586
12/8/2025 17:35,0,2210,2210
12/8/2025 17:40,0,2329,2329
12/8/2025 17:45,0,2239,2239
12/8/2025 17:50,0,2257,2257
12/8/2025 17:55,0,2224,2224
12/8/2025 18:00,0,2177,2177
12/8/2025 18:05,0,2155,2155
12/8/2025 18:10,0,2289,2289
12/8/2025 18:15,0,2186,2186
12/8/2025 18:20,0,2163,2163
12/8/2025 18:25,0,1822,1822
12/8/2025 18:30,0,1821,1821
12/8/2025 18:35,0,1809,1809
12/8/2025 18:40,0,2266,2266
12/8/2025 18:45,0,1890,1890
12/8/2025 18:50,0,1889,1889
12/8/2025 18:55,0,1891,1891
12/8/2025 19:00,0,2255,2255
12/8/2025 19:05,0,1886,1886
12/8/2025 19:10,0,1882,1882
12/8/2025 19:15,0,1890,1890
12/8/2025 19:20,0,1889,1889
12/8/2025 19:25,0,2318,2318
12/8/2025 19:30,0,1877,1877
12/8/2025 19:35,0,1814,1814
12/8/2025 19:40,0,1924,1924
12/8/2025 19:45,0,2180,2180
12/8/2025 19:50,0,1819,1819
12/8/2025 19:55,0,1818,1818
12/8/2025 20:00,0,1818,1818
12/8/2025 20:05,0,1817,1817
12/8/2025 20:10,0,1932,1932
12/8/2025 20:15,0,1915,1915
12/8/2025 20:20,0,1925,1925
12/8/2025 20:25,0,1909,1909
12/8/2025 20:30,0,1907,1907
12/8/2025 20:35,0,1912,1912
12/8/2025 20:40,0,2383,2383
12/8/2025 20:45,0,1912,1912
12/8/2025 20:50,0,1919,1919
12/8/2025 20:55,0,1911,1911
12/8/2025 21:00,0,2541,2541
12/8/2025 21:05,0,2183,2183
12/8/2025 21:10,0,2759,2759
12/8/2025 21:15,0,2333,2333
12/8/2025 21:20,0,2335,2335
12/8/2025 21:25,0,2332,2332
12/8/2025 21:30,0,1857,1857
12/8/2025 21:35,0,1853,1853
12/8/2025 21:40,0,2033,2033
12/8/2025 21:45,0,2370,2370
12/8/2025 21:50,0,1904,1904
12/8/2025 21:55,0,1915,1915
12/8/2025 22:00,0,1911,1911
12/8/2025 22:05,0,1907,1907
12/8/2025 22:10,0,2029,2029
12/8/2025 22:15,0,1907,1907
12/8/2025 22:20,0,2346,2346
12/8/2025 22:25,0,1807,1807
12/8/2025 22:30,0,2180,2180
12/8/2025 22:35,0,1809,1809
12/8/2025 22:40,0,1809,1809
12/8/2025 22:45,0,1921,1921
12/8/2025 22:50,0,2179,2179
12/8/2025 22:55,0,1809,1809
12/8/2025 23:00,0,1811,1811
12/8/2025 23:05,0,1807,1807
12/8/2025 23:10,0,2305,2305
12/8/2025 23:15,0,2007,2007
12/8/2025 23:20,0,1901,1901
12/8/2025 23:25,0,1903,1903
12/8/2025 23:30,0,1869,1869
12/8/2025 23:35,0,1868,1868
12/8/2025 23:40,0,1870,1870
12/8/2025 23:45,0,1972,1972
12/8/2025 23:50,0,1866,1866
12/8/2025 23:55,0,2171,2171
12/9/2025 00:00,0,1800,1800
12/9/2025 00:05,0,1746,1746
12/9/2025 00:10,0,1745,1745
12/9/2025 00:15,0,1858,1858
12/9/2025 00:20,0,1858,1858
12/9/2025 00:25,0,1745,1745
12/9/2025 00:30,0,1745,1745
12/9/2025 00:35,0,1748,1748
12/9/2025 00:40,0,1819,1819
12/9/2025 00:45,0,1930,1930
12/9/2025 00:50,0,1821,1821
12/9/2025 00:55,0,1819,1819
12/9/2025 01:00,0,2182,2182
12/9/2025 01:05,0,1817,1817
12/9/2025 01:10,0,1817,1817
12/9/2025 01:15,0,1937,1937
12/9/2025 01:20,0,2184,2184
12/9/2025 01:25,0,1748,1748
12/9/2025 01:30,0,1754,1754
12/9/2025 01:35,0,1755,1755
12/9/2025 01:40,0,1742,1742
12/9/2025 01:45,0,1854,1854
12/9/2025 01:50,0,1749,1749
12/9/2025 01:55,0,1745,1745
12/9/2025 02:00,0,1747,1747
12/9/2025 02:05,0,1748,1748
12/9/2025 02:10,0,1815,1815
12/9/2025 02:15,0,1925,1925
12/9/2025 02:20,0,1814,1814
12/9/2025 02:25,0,1813,1813
12/9/2025 02:30,0,1813,1813
12/9/2025 02:35,0,1821,1821
12/9/2025 02:40,0,1926,1926
12/9/2025 02:45,0,1803,1803
12/9/2025 02:50,0,2247,2247
12/9/2025 02:55,0,1810,1810
12/9/2025 03:00,0,1746,1746
12/9/2025 03:05,0,1743,1743
12/9/2025 03:10,0,1741,1741
12/9/2025 03:15,0,1849,1849
12/9/2025 03:20,0,1746,1746
12/9/2025 03:25,0,1747,1747
12/9/2025 03:30,0,1746,1746
12/9/2025 03:35,0,1744,1744
12/9/2025 03:40,0,2189,2189
12/9/2025 03:45,0,1921,1921
12/9/2025 03:50,0,1811,1811
12/9/2025 03:55,0,1828,1828
12/9/2025 04:00,0,1817,1817
12/9/2025 04:05,0,1812,1812
12/9/2025 04:10,0,2193,2193
12/9/2025 04:15,0,2373,2373
12/9/2025 04:20,0,1827,1827
12/9/2025 04:25,0,1814,1814
12/9/2025 04:30,0,1752,1752
12/9/2025 04:35,0,1750,1750
12/9/2025 04:40,0,1739,1739
12/9/2025 04:45,0,1881,1881
12/9/2025 04:50,0,1753,1753
12/9/2025 04:55,0,1746,1746
12/9/2025 05:00,0,1751,1751
12/9/2025 05:05,0,1750,1750
12/9/2025 05:10,0,1748,1748
12/9/2025 05:15,0,1809,1809
12/9/2025 05:20,0,1649,1649
12/9/2025 05:25,0,1143,1143
12/9/2025 05:30,0,1143,1143
12/9/2025 05:35,0,1140,1140
12/9/2025 05:40,0,1608,1608
12/9/2025 05:45,0,1153,1153
12/9/2025 05:50,0,1257,1257
12/9/2025 05:55,0,1142,1142
12/9/2025 06:00,0,1087,1087
12/9/2025 06:05,0,1061,1061
12/9/2025 06:10,0,1069,1069
12/9/2025 06:15,60,1016,1076
12/9/2025 06:20,103,998,1101
12/9/2025 06:25,147,997,1144
12/9/2025 06:30,193,1627,1820
12/9/2025 06:35,227,1122,1349
12/9/2025 06:40,252,1480,1732
12/9/2025 06:45,278,1489,1767
12/9/2025 06:50,305,1234,1539
12/9/2025 06:55,336,1081,1417
12/9/2025 07:00,367,1020,1387
12/9/2025 07:05,397,1227,1624
12/9/2025 07:10,425,690,1115
12/9/2025 07:15,440,672,1112
12/9/2025 07:20,439,673,1112
12/9/2025 07:25,450,1280,1730
12/9/2025 07:30,469,587,1056
12/9/2025 07:35,512,536,1048
12/9/2025 07:40,564,488,1052
12/9/2025 07:45,610,431,1041
12/9/2025 07:50,668,424,1092
12/9/2025 07:55,736,1260,1996
12/9/2025 08:00,780,1088,1868
12/9/2025 08:05,793,1628,2421
12/9/2025 08:10,823,1108,1931
12/9/2025 08:15,862,1120,1982
12/9/2025 08:20,864,329,1193
12/9/2025 08:25,938,756,1694
12/9/2025 08:30,892,218,1110
12/9/2025 08:35,847,263,1110
12/9/2025 08:40,851,259,1110
12/9/2025 08:45,813,678,1491
12/9/2025 08:50,796,319,1115
12/9/2025 08:55,795,820,1615
12/9/2025 09:00,796,459,1255
12/9/2025 09:05,794,388,1182
12/9/2025 09:10,808,344,1152
12/9/2025 09:15,816,330,1146
12/9/2025 09:20,826,276,1102
12/9/2025 09:25,832,236,1068
12/9/2025 09:30,832,1005,1837
12/9/2025 09:35,841,914,1755
12/9/2025 09:40,849,526,1375
12/9/2025 09:45,852,678,1530
12/9/2025 09:50,864,752,1616
12/9/2025 09:55,877,1118,1995
12/9/2025 10:00,896,774,1670
12/9/2025 10:05,914,622,1536
12/9/2025 10:10,923,997,1920
12/9/2025 10:15,938,727,1665
12/9/2025 10:20,967,1670,2637
12/9/2025 10:25,1011,762,1773
12/9/2025 10:30,1112,1182,2294
12/9/2025 10:35,1248,740,1988
12/9/2025 10:40,1402,616,2018
12/9/2025 10:45,1564,657,2221
12/9/2025 10:50,1693,497,2190
12/9/2025 10:55,1883,1009,2892
12/9/2025 11:00,2006,322,2328
12/9/2025 11:05,2281,404,2685
12/9/2025 11:10,2209,580,2789
12/9/2025 11:15,2244,521,2765
12/9/2025 11:20,2231,1480,3711
12/9/2025 11:25,2137,664,2801
12/9/2025 11:30,1145,2540,3685
12/9/2025 11:35,1159,1282,2441
12/9/2025 11:40,1210,1065,2275
12/9/2025 11:45,1057,2214,3271
12/9/2025 11:50,1311,1018,2329
12/9/2025 11:55,2155,626,2781
12/9/2025 12:00,2371,952,3323
12/9/2025 12:05,1968,596,2564
12/9/2025 12:10,1638,696,2334
12/9/2025 12:15,966,2354,3320
12/9/2025 12:20,986,2884,3870
12/9/2025 12:25,1054,2212,3266
12/9/2025 12:30,2352,50,2402
12/9/2025 12:35,1602,1956,3558
12/9/2025 12:40,935,3421,4356
12/9/2025 12:45,1452,1933,3385
12/9/2025 12:50,614,1611,2225
12/9/2025 12:55,469,2770,3239
12/9/2025 13:00,458,2852,3310
12/9/2025 13:05,503,2075,2578
12/9/2025 13:10,569,3152,3721
12/9/2025 13:15,739,2751,3490
12/9/2025 13:20,1498,828,2326
12/9/2025 13:25,1654,1227,2881
12/9/2025 13:30,942,2370,3312
12/9/2025 13:35,1090,1289,2379
12/9/2025 13:40,1410,934,2344
12/9/2025 13:45,1042,1693,2735
12/9/2025 13:50,1007,2192,3199
12/9/2025 13:55,931,1403,2334
12/9/2025 14:00,1136,2039,3175
12/9/2025 14:05,1070,2308,3378
12/9/2025 14:10,946,2853,3799
12/9/2025 14:15,612,2698,3310
12/9/2025 14:20,389,3366,3755
12/9/2025 14:25,390,3469,3859
12/9/2025 14:30,428,2903,3331
12/9/2025 14:35,417,2924,3341
12/9/2025 14:40,314,2928,3242
12/9/2025 14:45,319,2960,3279
12/9/2025 14:50,480,2830,3310
12/9/2025 14:55,480,2804,3284
12/9/2025 15:00,493,2884,3377
12/9/2025 15:05,431,2936,3367
12/9/2025 15:10,324,3028,3352
12/9/2025 15:15,261,2863,3124
12/9/2025 15:20,329,2843,3172
12/9/2025 15:25,352,2669,3021
12/9/2025 15:30,226,2845,3071
12/9/2025 15:35,168,2797,2965
12/9/2025 15:40,181,2621,2802
12/9/2025 15:45,210,2606,2816
12/9/2025 15:50,224,2633,2857
12/9/2025 15:55,174,2715,2889
12/9/2025 16:00,136,2837,2973
12/9/2025 16:05,109,4279,4388
12/9/2025 16:10,117,4435,4552
12/9/2025 16:15,88,3333,3421
12/9/2025 16:20,84,3342,3426
12/9/2025 16:25,74,3333,3407
12/9/2025 16:30,63,3454,3517
12/9/2025 16:35,52,3354,3406
12/9/2025 16:40,44,3320,3364
12/9/2025 16:45,35,3767,3802
12/9/2025 16:50,0,3370,3370
12/9/2025 16:55,0,3615,3615
12/9/2025 17:00,23,3668,3691
12/9/2025 17:05,0,3973,3973
12/9/2025 17:10,0,3551,3551
12/9/2025 17:15,0,3572,3572
12/9/2025 17:20,0,3960,3960
12/9/2025 17:25,0,3509,3509
12/9/2025 17:30,0,3605,3605
12/9/2025 17:35,0,3884,3884
12/9/2025 17:40,0,3450,3450
12/9/2025 17:45,0,3509,3509
12/9/2025 17:50,0,4874,4874
12/9/2025 17:55,0,4253,4253
12/9/2025 18:00,0,3986,3986
12/9/2025 18:05,0,3836,3836
12/9/2025 18:10,0,3759,3759
12/9/2025 18:15,0,3760,3760
12/9/2025 18:20,0,3760,3760
12/9/2025 18:25,0,3760,3760
12/9/2025 18:30,0,4007,4007
12/9/2025 18:35,0,2163,2163
12/9/2025 18:40,0,2194,2194
12/9/2025 18:45,0,2124,2124
12/9/2025 18:50,0,2124,2124
12/9/2025 18:55,0,3824,3824
12/9/2025 19:00,0,2231,2231
12/9/2025 19:05,0,2128,2128
12/9/2025 19:10,0,2133,2133
12/9/2025 19:15,0,2130,2130
12/9/2025 19:20,0,2137,2137
12/9/2025 19:25,0,2132,2132
12/9/2025 19:30,0,2296,2296
12/9/2025 19:35,0,2207,2207
12/9/2025 19:40,0,2179,2179
12/9/2025 19:45,0,2204,2204
12/9/2025 19:50,0,2181,2181
12/9/2025 19:55,0,2249,2249
12/9/2025 20:00,0,2325,2325
12/9/2025 20:05,0,2504,2504
12/9/2025 20:10,0,2139,2139
12/9/2025 20:15,0,2585,2585
12/9/2025 20:20,0,2774,2774
12/9/2025 20:25,0,2070,2070
12/9/2025 20:30,0,2259,2259
12/9/2025 20:35,0,2149,2149
12/9/2025 20:40,0,2134,2134
12/9/2025 20:45,0,2137,2137
12/9/2025 20:50,0,2903,2903
12/9/2025 20:55,0,2096,2096
12/9/2025 21:00,0,2201,2201
12/9/2025 21:05,0,2155,2155
12/9/2025 21:10,0,2146,2146
12/9/2025 21:15,0,2143,2143
12/9/2025 21:20,0,2153,2153
12/9/2025 21:25,0,2631,2631
12/9/2025 21:30,0,2298,2298
12/9/2025 21:35,0,2577,2577
12/9/2025 21:40,0,2202,2202
12/9/2025 21:45,0,2204,2204
12/9/2025 21:50,0,2219,2219
12/9/2025 21:55,0,2286,2286
12/9/2025 22:00,0,2104,2104
12/9/2025 22:05,0,2111,2111
12/9/2025 22:10,0,2112,2112
12/9/2025 22:15,0,2105,2105
12/9/2025 22:20,0,2937,2937
12/9/2025 22:25,0,2223,2223
12/9/2025 22:30,0,2103,2103
12/9/2025 22:35,0,2109,2109
12/9/2025 22:40,0,2108,2108
12/9/2025 22:45,0,2168,2168
12/9/2025 22:50,0,2172,2172
12/9/2025 22:55,0,2729,2729
12/9/2025 23:00,0,2147,2147
12/9/2025 23:05,0,2152,2152
12/9/2025 23:10,0,2153,2153
12/9/2025 23:15,0,2162,2162
12/9/2025 23:20,0,2138,2138
12/9/2025 23:25,0,2253,2253
12/9/2025 23:30,0,2582,2582
12/9/2025 23:35,0,2137,2137
12/9/2025 23:40,0,2076,2076
12/9/2025 23:45,0,2452,2452
12/9/2025 23:50,0,2080,2080
12/9/2025 23:55,0,2189,2189
12/10/2025 00:00,0,2076,2076
12/10/2025 00:05,0,2525,2525
12/10/2025 00:10,0,2043,2043
12/10/2025 00:15,0,2031,2031
12/10/2025 00:20,0,2024,2024
12/10/2025 00:25,0,2204,2204
12/10/2025 00:30,0,2090,2090
12/10/2025 00:35,0,2093,2093
12/10/2025 00:40,0,2096,2096
12/10/2025 00:45,0,2094,2094
12/10/2025 00:50,0,2465,2465
12/10/2025 00:55,0,2211,2211
12/10/2025 01:00,0,2542,2542
12/10/2025 01:05,0,2100,2100
12/10/2025 01:10,0,2098,2098
12/10/2025 01:15,0,2031,2031
12/10/2025 01:20,0,2031,2031
12/10/2025 01:25,0,2146,2146
12/10/2025 01:30,0,2029,2029
12/10/2025 01:35,0,2407,2407
12/10/2025 01:40,0,2028,2028
12/10/2025 01:45,0,2037,2037
12/10/2025 01:50,0,2036,2036
12/10/2025 01:55,0,2154,2154
12/10/2025 02:00,0,2098,2098
12/10/2025 02:05,0,2100,2100
12/10/2025 02:10,0,2103,2103
12/10/2025 02:15,0,2101,2101
12/10/2025 02:20,0,2485,2485
12/10/2025 02:25,0,2214,2214
12/10/2025 02:30,0,2096,2096
12/10/2025 02:35,0,2088,2088
12/10/2025 02:40,0,2087,2087
12/10/2025 02:45,0,2091,2091
12/10/2025 02:50,0,2026,2026
12/10/2025 02:55,0,2138,2138
12/10/2025 03:00,0,2135,2135
12/10/2025 03:05,0,2458,2458
12/10/2025 03:10,0,2012,2012
12/10/2025 03:15,0,2018,2018
12/10/2025 03:20,0,2011,2011
12/10/2025 03:25,0,2013,2013
12/10/2025 03:30,0,2123,2123
12/10/2025 03:35,0,2102,2102
12/10/2025 03:40,0,2108,2108
12/10/2025 03:45,0,2080,2080
12/10/2025 03:50,0,2131,2131
12/10/2025 03:55,0,1923,1923
12/10/2025 04:00,0,2477,2477
12/10/2025 04:05,0,2304,2304
12/10/2025 04:10,0,1919,1919
12/10/2025 04:15,0,1922,1922
12/10/2025 04:20,0,1857,1857
12/10/2025 04:25,0,1864,1864
12/10/2025 04:30,0,1965,1965
12/10/2025 04:35,0,2286,2286
12/10/2025 04:40,0,2223,2223
12/10/2025 04:45,0,1844,1844
12/10/2025 04:50,0,1852,1852
12/10/2025 04:55,0,1836,1836
12/10/2025 05:00,0,1949,1949
12/10/2025 05:05,0,1908,1908
12/10/2025 05:10,0,2363,2363
12/10/2025 05:15,0,1924,1924
12/10/2025 05:20,0,1460,1460
12/10/2025 05:25,0,1377,1377
12/10/2025 05:30,0,1495,1495
12/10/2025 05:35,0,1378,1378
12/10/2025 05:40,0,1392,1392
12/10/2025 05:45,0,1391,1391
12/10/2025 05:50,0,1349,1349
12/10/2025 05:55,0,1349,1349
12/10/2025 06:00,0,1473,1473
12/10/2025 06:05,38,1299,1337
12/10/2025 06:10,68,1236,1304
12/10/2025 06:15,104,1196,1300
12/10/2025 06:20,127,1175,1302
12/10/2025 06:25,142,1523,1665
12/10/2025 06:30,162,1504,1666
12/10/2025 06:35,195,1701,1896
12/10/2025 06:40,222,1571,1793
12/10/2025 06:45,236,1566,1802
12/10/2025 06:50,209,1589,1798
12/10/2025 06:55,250,1544,1794
12/10/2025 07:00,317,1823,2140
12/10/2025 07:05,357,1203,1560
12/10/2025 07:10,358,2043,2401
12/10/2025 07:15,422,1546,1968
12/10/2025 07:20,513,1391,1904
12/10/2025 07:25,519,809,1328
12/10/2025 07:30,461,877,1338
12/10/2025 07:35,431,1042,1473
12/10/2025 07:40,505,824,1329
12/10/2025 07:45,516,1257,1773
12/10/2025 07:50,611,810,1421
12/10/2025 07:55,627,905,1532
12/10/2025 08:00,787,1287,2074
12/10/2025 08:05,839,745,1584
12/10/2025 08:10,945,754,1699
12/10/2025 08:15,1001,714,1715
12/10/2025 08:20,1015,795,1810
12/10/2025 08:25,972,1203,2175
12/10/2025 08:30,982,824,1806
12/10/2025 08:35,1064,730,1794
12/10/2025 08:40,1195,681,1876
12/10/2025 08:45,1300,323,1623
12/10/2025 08:50,1177,427,1604
12/10/2025 08:55,1400,160,1560
12/10/2025 09:00,1422,145,1567
12/10/2025 09:05,1684,-117,1567
12/10/2025 09:10,1843,-147,1696
12/10/2025 09:15,1230,295,1525
12/10/2025 09:20,1939,-371,1568
12/10/2025 09:25,2270,-169,2101
12/10/2025 09:30,1978,886,2864
12/10/2025 09:35,2084,-491,1593
12/10/2025 09:40,2171,-308,1863
12/10/2025 09:45,2281,974,3255
12/10/2025 09:50,1064,1850,2914
12/10/2025 09:55,2075,1269,3344
12/10/2025 10:00,978,1585,2563
12/10/2025 10:05,2033,1847,3880
12/10/2025 10:10,2001,1113,3114
12/10/2025 10:15,2216,133,2349
12/10/2025 10:20,1827,1871,3698
12/10/2025 10:25,2230,604,2834
12/10/2025 10:30,2280,590,2870
12/10/2025 10:35,2317,1037,3354
12/10/2025 10:40,2405,1704,4109
12/10/2025 10:45,2242,2291,4533
12/10/2025 10:50,2258,1253,3511
12/10/2025 10:55,2434,1572,4006
12/10/2025 11:00,2260,1237,3497
12/10/2025 11:05,2430,1466,3896
12/10/2025 11:10,2457,1021,3478
12/10/2025 11:15,2566,980,3546
12/10/2025 11:20,2646,831,3477
12/10/2025 11:25,2588,1003,3591
12/10/2025 11:30,2410,1172,3582
12/10/2025 11:35,2582,1014,3596
12/10/2025 11:40,2542,1472,4014
12/10/2025 11:45,2596,3584,6180
12/10/2025 11:50,2598,2787,5385
12/10/2025 11:55,2624,1008,3632
12/10/2025 12:00,858,6760,7618
12/10/2025 12:05,2493,6160,8653
12/10/2025 12:10,2654,6526,9180
12/10/2025 12:15,786,6847,7633
12/10/2025 12:20,2457,5146,7603
12/10/2025 12:25,1402,5951,7353
12/10/2025 12:30,2695,4787,7482
12/10/2025 12:35,2711,4812,7523
12/10/2025 12:40,1393,5921,7314
12/10/2025 12:45,2826,4769,7595
12/10/2025 12:50,2569,4787,7356
12/10/2025 12:55,2021,5335,7356
12/10/2025 13:00,2416,5019,7435
12/10/2025 13:05,2209,5229,7438
12/10/2025 13:10,2138,5590,7728
12/10/2025 13:15,1848,5990,7838
12/10/2025 13:20,635,4919,5554
12/10/2025 13:25,498,5486,5984
12/10/2025 13:30,335,5211,5546
12/10/2025 13:35,219,5221,5440
12/10/2025 13:40,204,5196,5400
12/10/2025 13:45,215,6191,6406
12/10/2025 13:50,131,5294,5425
12/10/2025 13:55,98,5349,5447
12/10/2025 14:00,120,5843,5963
12/10/2025 14:05,132,5190,5322
12/10/2025 14:10,210,5034,5244
12/10/2025 14:15,217,5073,5290
12/10/2025 14:20,242,4929,5171
12/10/2025 14:25,269,4650,4919
12/10/2025 14:30,273,4948,5221
12/10/2025 14:35,282,4663,4945
12/10/2025 14:40,283,4436,4719
12/10/2025 14:45,282,4502,4784
12/10/2025 14:50,274,4390,4664
12/10/2025 14:55,267,4461,4728
12/10/2025 15:00,256,4363,4619
12/10/2025 15:05,233,4402,4635
12/10/2025 15:10,208,4441,4649
12/10/2025 15:15,184,5019,5203
12/10/2025 15:20,91,4571,4662
12/10/2025 15:25,48,4672,4720
12/10/2025 15:30,0,4599,4599
12/10/2025 15:35,0,5054,5054
12/10/2025 15:40,0,4465,4465
12/10/2025 15:45,49,4382,4431
12/10/2025 15:50,64,4334,4398
12/10/2025 15:55,63,4353,4416
12/10/2025 16:00,95,4635,4730
12/10/2025 16:05,80,4266,4346
12/10/2025 16:10,49,3340,3389
12/10/2025 16:15,33,3239,3272
12/10/2025 16:20,0,3116,3116
12/10/2025 16:25,9,3770,3779
12/10/2025 16:30,0,3158,3158
12/10/2025 16:35,0,3160,3160
12/10/2025 16:40,15,3257,3272
12/10/2025 16:45,0,3981,3981
12/10/2025 16:50,0,3145,3145
12/10/2025 16:55,37,3122,3159
12/10/2025 17:00,42,3093,3135
12/10/2025 17:05,47,3204,3251
12/10/2025 17:10,49,3481,3530
12/10/2025 17:15,43,3491,3534
12/10/2025 17:20,38,3567,3605
12/10/2025 17:25,0,3558,3558
12/10/2025 17:30,26,3668,3694
12/10/2025 17:35,0,3807,3807
12/10/2025 17:40,0,3720,3720
12/10/2025 17:45,0,4152,4152
12/10/2025 17:50,0,4199,4199
12/10/2025 17:55,0,3605,3605
12/10/2025 18:00,0,3694,3694
12/10/2025 18:05,0,3833,3833
12/10/2025 18:10,0,5146,5146
12/10/2025 18:15,0,4217,4217
12/10/2025 18:20,0,3786,3786
12/10/2025 18:25,0,3789,3789
12/10/2025 18:30,0,3804,3804
12/10/2025 18:35,0,3961,3961
12/10/2025 18:40,0,3850,3850
12/10/2025 18:45,0,3844,3844
12/10/2025 18:50,0,3771,3771
12/10/2025 18:55,0,3754,3754
12/10/2025 19:00,0,3770,3770
12/10/2025 19:05,0,2145,2145
12/10/2025 19:10,0,2041,2041
12/10/2025 19:15,0,2031,2031
12/10/2025 19:20,0,2036,2036
12/10/2025 19:25,0,2055,2055
12/10/2025 19:30,0,2492,2492
12/10/2025 19:35,0,2738,2738
12/10/2025 19:40,0,2261,2261
12/10/2025 19:45,0,2255,2255
12/10/2025 19:50,0,2313,2313
12/10/2025 19:55,0,2297,2297
12/10/2025 20:00,0,2297,2297
12/10/2025 20:05,0,3394,3394
12/10/2025 20:10,0,2857,2857
12/10/2025 20:15,0,2296,2296
12/10/2025 20:20,0,2297,2297
12/10/2025 20:25,0,2295,2295
12/10/2025 20:30,0,2232,2232
12/10/2025 20:35,0,2334,2334
12/10/2025 20:40,0,2601,2601
12/10/2025 20:45,0,2795,2795
12/10/2025 20:50,0,1786,1786
12/10/2025 20:55,0,1785,1785
12/10/2025 21:00,0,1789,1789
12/10/2025 21:05,0,1916,1916
12/10/2025 21:10,0,1786,1786
12/10/2025 21:15,0,1853,1853
12/10/2025 21:20,0,1854,1854
12/10/2025 21:25,0,1855,1855
12/10/2025 21:30,0,1857,1857
12/10/2025 21:35,0,1974,1974
12/10/2025 21:40,0,1855,1855
12/10/2025 21:45,0,1853,1853
12/10/2025 21:50,0,1854,1854
12/10/2025 21:55,0,1854,1854
12/10/2025 22:00,0,1856,1856
12/10/2025 22:05,0,1847,1847
12/10/2025 22:10,0,1748,1748
12/10/2025 22:15,0,1748,1748
12/10/2025 22:20,0,1742,1742
12/10/2025 22:25,0,1745,1745
12/10/2025 22:30,0,1758,1758
12/10/2025 22:35,0,1877,1877
12/10/2025 22:40,0,1864,1864
12/10/2025 22:45,0,1756,1756
12/10/2025 22:50,0,2248,2248
12/10/2025 22:55,0,2683,2683
12/10/2025 23:00,0,1809,1809
12/10/2025 23:05,0,1930,1930
12/10/2025 23:10,0,1927,1927
12/10/2025 23:15,0,1817,1817
12/10/2025 23:20,0,1817,1817
12/10/2025 23:25,0,1817,1817
12/10/2025 23:30,0,1817,1817
12/10/2025 23:35,0,2306,2306
12/10/2025 23:40,0,1855,1855
12/10/2025 23:45,0,1749,1749
12/10/2025 23:50,0,1745,1745
12/10/2025 23:55,0,1750,1750
12/11/2025 00:00,0,2190,2190
12/11/2025 00:05,0,2817,2817
12/11/2025 00:10,0,2817,2817
12/11/2025 00:15,0,2817,2817
12/11/2025 00:20,0,3072,3072
12/11/2025 00:25,0,2765,2765
12/11/2025 00:30,0,2680,2680
12/11/2025 00:35,0,3350,3350
12/11/2025 00:40,0,2756,2756
12/11/2025 00:45,0,2667,2667
12/11/2025 00:50,0,2718,2718
12/11/2025 00:55,0,2523,2523
12/11/2025 01:00,0,2525,2525
12/11/2025 01:05,0,2627,2627
12/11/2025 01:10,0,2722,2722
12/11/2025 01:15,0,2660,2660
12/11/2025 01:20,0,2410,2410
12/11/2025 01:25,0,2408,2408
12/11/2025 01:30,0,2404,2404
12/11/2025 01:35,0,2513,2513
12/11/2025 01:40,0,2408,2408
12/11/2025 01:45,0,2864,2864
12/11/2025 01:50,0,2503,2503
12/11/2025 01:55,0,2395,2395
12/11/2025 02:00,0,2576,2576
12/11/2025 02:05,0,2458,2458
12/11/2025 02:10,0,1808,1808
12/11/2025 02:15,0,1807,1807
12/11/2025 02:20,0,1807,1807
12/11/2025 02:25,0,1810,1810
12/11/2025 02:30,0,2178,2178
12/11/2025 02:35,0,1921,1921
12/11/2025 02:40,0,1813,1813
12/11/2025 02:45,0,1825,1825
12/11/2025 02:50,0,1744,1744
12/11/2025 02:55,0,2214,2214
12/11/2025 03:00,0,1772,1772
12/11/2025 03:05,0,1880,1880
12/11/2025 03:10,0,1774,1774
12/11/2025 03:15,0,2142,2142
12/11/2025 03:20,0,1774,1774
12/11/2025 03:25,0,1781,1781
12/11/2025 03:30,0,2147,2147
12/11/2025 03:35,0,1951,1951
12/11/2025 03:40,0,1840,1840
12/11/2025 03:45,0,1840,1840
12/11/2025 03:50,0,1848,1848
12/11/2025 03:55,0,1819,1819
12/11/2025 04:00,0,1821,1821
12/11/2025 04:05,0,1947,1947
12/11/2025 04:10,0,1819,1819
12/11/2025 04:15,0,1807,1807
12/11/2025 04:20,0,1756,1756
12/11/2025 04:25,0,1745,1745
12/11/2025 04:30,0,1745,1745
12/11/2025 04:35,0,1820,1820
12/11/2025 04:40,0,1791,1791
12/11/2025 04:45,0,1688,1688
12/11/2025 04:50,0,1693,1693
12/11/2025 04:55,0,1687,1687
12/11/2025 05:00,0,1682,1682
12/11/2025 05:05,0,1739,1739
12/11/2025 05:10,0,1404,1404
12/11/2025 05:15,0,1090,1090
12/11/2025 05:20,0,1063,1063
12/11/2025 05:25,0,1045,1045
12/11/2025 05:30,0,1044,1044
12/11/2025 05:35,0,1052,1052
12/11/2025 05:40,0,1159,1159
12/11/2025 05:45,0,1070,1070
12/11/2025 05:50,0,1407,1407
12/11/2025 05:55,0,1027,1027
12/11/2025 06:00,0,1024,1024
12/11/2025 06:05,0,1009,1009
12/11/2025 06:10,0,1093,1093
12/11/2025 06:15,53,944,997
12/11/2025 06:20,70,1305,1375
12/11/2025 06:25,87,1279,1366
12/11/2025 06:30,95,1298,1393
12/11/2025 06:35,126,1292,1418
12/11/2025 06:40,175,1853,2028
12/11/2025 06:45,221,1268,1489
12/11/2025 06:50,288,1249,1537
12/11/2025 06:55,323,1562,1885
12/11/2025 07:00,320,864,1184
12/11/2025 07:05,334,821,1155
12/11/2025 07:10,373,908,1281
12/11/2025 07:15,406,2180,2586
12/11/2025 07:20,446,2190,2636
12/11/2025 07:25,531,2100,2631
12/11/2025 07:30,605,2553,3158
12/11/2025 07:35,643,2560,3203
12/11/2025 07:40,728,2278,3006
12/11/2025 07:45,764,1947,2711
12/11/2025 07:50,925,2114,3039
12/11/2025 07:55,998,1893,2891
12/11/2025 08:00,1037,2308,3345
12/11/2025 08:05,876,2454,3330
12/11/2025 08:10,1131,2300,3431
12/11/2025 08:15,1262,2304,3566
12/11/2025 08:20,1363,2768,4131
12/11/2025 08:25,1323,2739,4062
12/11/2025 08:30,657,3433,4090
12/11/2025 08:35,1272,3137,4409
12/11/2025 08:40,1007,2592,3599
12/11/2025 08:45,1248,2869,4117
12/11/2025 08:50,1443,3097,4540
12/11/2025 08:55,1484,2839,4323
12/11/2025 09:00,1539,2856,4395
12/11/2025 09:05,1589,1565,3154
12/11/2025 09:10,1579,1557,3136
12/11/2025 09:15,1645,3389,5034
12/11/2025 09:20,1764,3194,4958
12/11/2025 09:25,1642,2569,4211
12/11/2025 09:30,1681,3071,4752
12/11/2025 09:35,1822,2659,4481
12/11/2025 09:40,1861,2217,4078
12/11/2025 09:45,1951,1987,3938
12/11/2025 09:50,1987,1516,3503
12/11/2025 09:55,1933,2384,4317
12/11/2025 10:00,1904,1665,3569
12/11/2025 10:05,1970,1624,3594
12/11/2025 10:10,2129,1707,3836
12/11/2025 10:15,671,3498,4169
12/11/2025 10:20,1839,2637,4476
12/11/2025 10:25,2420,1509,3929
12/11/2025 10:30,2259,1388,3647
12/11/2025 10:35,2430,2026,4456
12/11/2025 10:40,2366,1698,4064
12/11/2025 10:45,2400,2571,4971
12/11/2025 10:50,2401,2947,5348
12/11/2025 10:55,2378,3884,6262
12/11/2025 11:00,2412,2610,5022
12/11/2025 11:05,2380,2895,5275
12/11/2025 11:10,2457,3199,5656
12/11/2025 11:15,2433,2736,5169
12/11/2025 11:20,2462,2377,4839
12/11/2025 11:25,2464,2483,4947
12/11/2025 11:30,2454,2987,5441
12/11/2025 11:35,2381,2724,5105
12/11/2025 11:40,2535,2932,5467
12/11/2025 11:45,2584,3173,5757
12/11/2025 11:50,2574,2744,5318
12/11/2025 11:55,2553,2443,4996
12/11/2025 12:00,2354,3114,5468
12/11/2025 12:05,1856,2739,4595
12/11/2025 12:10,2455,2464,4919
12/11/2025 12:15,2334,2658,4992
12/11/2025 12:20,1970,3101,5071
12/11/2025 12:25,894,4329,5223
12/11/2025 12:30,1297,3478,4775
12/11/2025 12:35,2243,4375,6618
12/11/2025 12:40,881,4495,5376
12/11/2025 12:45,2146,3634,5780
12/11/2025 12:50,734,4496,5230
12/11/2025 12:55,2234,2305,4539
12/11/2025 13:00,2311,2311,4622
12/11/2025 13:05,2230,2453,4683
12/11/2025 13:10,1034,4987,6021
12/11/2025 13:15,2396,2474,4870
12/11/2025 13:20,2231,4178,6409
12/11/2025 13:25,1967,3392,5359
12/11/2025 13:30,782,5455,6237
12/11/2025 13:35,741,4593,5334
12/11/2025 13:40,650,4169,4819
12/11/2025 13:45,565,3920,4485
12/11/2025 13:50,557,5256,5813
12/11/2025 13:55,544,5571,6115
12/11/2025 14:00,491,4431,4922
12/11/2025 14:05,315,4270,4585
12/11/2025 14:10,246,5492,5738
12/11/2025 14:15,227,4277,4504
12/11/2025 14:20,239,4534,4773
12/11/2025 14:25,233,4294,4527
12/11/2025 14:30,217,6125,6342
12/11/2025 14:35,174,4086,4260
12/11/2025 14:40,179,4697,4876
12/11/2025 14:45,214,4523,4737
12/11/2025 14:50,245,4374,4619
12/11/2025 14:55,291,4088,4379
12/11/2025 15:00,265,4580,4845
12/11/2025 15:05,254,4186,4440
12/11/2025 15:10,243,4505,4748
12/11/2025 15:15,125,4863,4988
12/11/2025 15:20,82,4460,4542
12/11/2025 15:25,37,4137,4174
12/11/2025 15:30,0,4787,4787
12/11/2025 15:35,0,4574,4574
12/11/2025 15:40,0,5681,5681
12/11/2025 15:45,0,4777,4777
12/11/2025 15:50,30,5023,5053
12/11/2025 15:55,0,3146,3146
12/11/2025 16:00,0,4830,4830
12/11/2025 16:05,0,3264,3264
12/11/2025 16:10,0,3519,3519
12/11/2025 16:15,0,3152,3152
12/11/2025 16:20,0,3717,3717
12/11/2025 16:25,0,3723,3723
12/11/2025 16:30,0,3449,3449
12/11/2025 16:35,0,3850,3850
12/11/2025 16:40,0,3422,3422
12/11/2025 16:45,0,3916,3916
12/11/2025 16:50,0,3916,3916
12/11/2025 16:55,0,4405,4405
12/11/2025 17:00,0,3933,3933
12/11/2025 17:05,0,4206,4206
12/11/2025 17:10,0,3784,3784
12/11/2025 17:15,0,4150,4150
12/11/2025 17:20,0,3688,3688
12/11/2025 17:25,0,4049,4049
12/11/2025 17:30,0,3736,3736
12/11/2025 17:35,0,3653,3653
12/11/2025 17:40,0,3576,3576
12/11/2025 17:45,0,3593,3593
12/11/2025 17:50,0,4912,4912
12/11/2025 17:55,0,4204,4204
12/11/2025 18:00,0,4094,4094
12/11/2025 18:05,0,4051,4051
12/11/2025 18:10,0,4397,4397
12/11/2025 18:15,0,4346,4346
12/11/2025 18:20,0,4323,4323
12/11/2025 18:25,0,4481,4481
12/11/2025 18:30,0,4897,4897
12/11/2025 18:35,0,4796,4796
12/11/2025 18:40,0,4614,4614
12/11/2025 18:45,0,4614,4614
12/11/2025 18:50,0,4598,4598
12/11/2025 18:55,0,4718,4718
12/11/2025 19:00,0,4514,4514
12/11/2025 19:05,0,5516,5516
12/11/2025 19:10,0,5076,5076
12/11/2025 19:15,0,5198,5198
12/11/2025 19:20,0,5075,5075
12/11/2025 19:25,0,4695,4695
12/11/2025 19:30,0,4570,4570
12/11/2025 19:35,0,4602,4602
12/11/2025 19:40,0,4548,4548
12/11/2025 19:45,0,4650,4650
12/11/2025 19:50,0,4727,4727
12/11/2025 19:55,0,4621,4621
12/11/2025 20:00,0,4623,4623
12/11/2025 20:05,0,4300,4300
12/11/2025 20:10,0,4265,4265
12/11/2025 20:15,0,5053,5053
12/11/2025 20:20,0,4780,4780
12/11/2025 20:25,0,4688,4688
12/11/2025 20:30,0,4647,4647
12/11/2025 20:35,0,4891,4891
12/11/2025 20:40,0,4526,4526
12/11/2025 20:45,0,4652,4652
12/11/2025 20:50,0,4542,4542
12/11/2025 20:55,0,5515,5515
12/11/2025 21:00,0,5130,5130
12/11/2025 21:05,0,4570,4570
12/11/2025 21:10,0,4567,4567
12/11/2025 21:15,0,4678,4678
12/11/2025 21:20,0,4114,4114
12/11/2025 21:25,0,4115,4115
12/11/2025 21:30,0,4501,4501
12/11/2025 21:35,0,4120,4120
12/11/2025 21:40,0,4250,4250
12/11/2025 21:45,0,4542,4542
12/11/2025 21:50,0,4472,4472
12/11/2025 21:55,0,4099,4099
12/11/2025 22:00,0,4135,4135
12/11/2025 22:05,0,4070,4070
12/11/2025 22:10,0,4560,4560
12/11/2025 22:15,0,4078,4078
12/11/2025 22:20,0,4025,4025
12/11/2025 22:25,0,3955,3955
12/11/2025 22:30,0,3928,3928
12/11/2025 22:35,0,3929,3929
12/11/2025 22:40,0,4187,4187
12/11/2025 22:45,0,3233,3233
12/11/2025 22:50,0,3289,3289
12/11/2025 22:55,0,3279,3279
12/11/2025 23:00,0,3295,3295
12/11/2025 23:05,0,3402,3402
12/11/2025 23:10,0,3381,3381
12/11/2025 23:15,0,3282,3282
12/11/2025 23:20,0,3259,3259
12/11/2025 23:25,0,3291,3291
12/11/2025 23:30,0,3263,3263
12/11/2025 23:35,0,3754,3754
12/11/2025 23:40,0,3318,3318
12/11/2025 23:45,0,3214,3214
12/11/2025 23:50,0,3181,3181
12/11/2025 23:55,0,4018,4018
12/12/2025 00:00,0,3216,3216
12/12/2025 00:05,0,3328,3328
12/12/2025 00:10,0,3206,3206
12/12/2025 00:15,0,3582,3582
12/12/2025 00:20,0,3207,3207
12/12/2025 00:25,0,3263,3263
12/12/2025 00:30,0,3709,3709
12/12/2025 00:35,0,3393,3393
12/12/2025 00:40,0,3286,3286
12/12/2025 00:45,0,3256,3256
12/12/2025 00:50,0,3261,3261
12/12/2025 00:55,0,3277,3277
12/12/2025 01:00,0,3263,3263
12/12/2025 01:05,0,3380,3380
12/12/2025 01:10,0,3187,3187
12/12/2025 01:15,0,3186,3186
12/12/2025 01:20,0,3205,3205
12/12/2025 01:25,0,3638,3638
12/12/2025 01:30,0,3175,3175
12/12/2025 01:35,0,3285,3285
12/12/2025 01:40,0,3175,3175
12/12/2025 01:45,0,3158,3158
12/12/2025 01:50,0,3167,3167
12/12/2025 01:55,0,3251,3251
12/12/2025 02:00,0,3229,3229
12/12/2025 02:05,0,3336,3336
12/12/2025 02:10,0,3234,3234
12/12/2025 02:15,0,3240,3240
12/12/2025 02:20,0,3607,3607
12/12/2025 02:25,0,3235,3235
12/12/2025 02:30,0,3241,3241
12/12/2025 02:35,0,3346,3346
12/12/2025 02:40,0,3180,3180
12/12/2025 02:45,0,3179,3179
12/12/2025 02:50,0,3175,3175
12/12/2025 02:55,0,3195,3195
12/12/2025 03:00,0,3183,3183
12/12/2025 03:05,0,3276,3276
12/12/2025 03:10,0,3181,3181
12/12/2025 03:15,0,3175,3175
12/12/2025 03:20,0,3196,3196
12/12/2025 03:25,0,3188,3188
12/12/2025 03:30,0,3257,3257
12/12/2025 03:35,0,3335,3335
12/12/2025 03:40,0,3223,3223
12/12/2025 03:45,0,3589,3589
12/12/2025 03:50,0,3220,3220
12/12/2025 03:55,0,3223,3223
12/12/2025 04:00,0,3663,3663
12/12/2025 04:05,0,3700,3700
12/12/2025 04:10,0,3210,3210
12/12/2025 04:15,0,3140,3140
12/12/2025 04:20,0,3186,3186
12/12/2025 04:25,0,3525,3525
12/12/2025 04:30,0,3150,3150
12/12/2025 04:35,0,3692,3692
12/12/2025 04:40,0,3143,3143
12/12/2025 04:45,0,3506,3506
12/12/2025 04:50,0,3147,3147
12/12/2025 04:55,0,3157,3157
12/12/2025 05:00,0,3232,3232
12/12/2025 05:05,0,3494,3494
12/12/2025 05:10,0,2981,2981
12/12/2025 05:15,0,2513,2513
12/12/2025 05:20,0,2510,2510
12/12/2025 05:25,0,2498,2498
12/12/2025 05:30,0,2895,2895
12/12/2025 05:35,0,2601,2601
12/12/2025 05:40,0,2409,2409
12/12/2025 05:45,0,2848,2848
12/12/2025 05:50,0,2413,2413
12/12/2025 05:55,26,2403,2429
12/12/2025 06:00,0,2398,2398
12/12/2025 06:05,0,2499,2499
12/12/2025 06:10,83,2269,2352
12/12/2025 06:15,119,2701,2820
12/12/2025 06:20,161,2633,2794
12/12/2025 06:25,195,2590,2785
12/12/2025 06:30,232,2622,2854
12/12/2025 06:35,248,2696,2944
12/12/2025 06:40,334,2540,2874
12/12/2025 06:45,414,2458,2872
12/12/2025 06:50,456,2372,2828
12/12/2025 06:55,509,2037,2546
12/12/2025 07:00,575,1969,2544
12/12/2025 07:05,599,2048,2647
12/12/2025 07:10,696,1812,2508
12/12/2025 07:15,747,3147,3894
12/12/2025 07:20,797,3094,3891
12/12/2025 07:25,799,3549,4348
12/12/2025 07:30,826,1711,2537
12/12/2025 07:35,925,1710,2635
12/12/2025 07:40,990,1554,2544
12/12/2025 07:45,1083,1470,2553
12/12/2025 07:50,1134,1421,2555
12/12/2025 07:55,1145,1493,2638
12/12/2025 08:00,1204,1963,3167
12/12/2025 08:05,1219,1997,3216
12/12/2025 08:10,1275,1823,3098
12/12/2025 08:15,1342,2207,3549
12/12/2025 08:20,1346,1959,3305
12/12/2025 08:25,1468,1920,3388
12/12/2025 08:30,1492,1881,3373
12/12/2025 08:35,1547,1939,3486
12/12/2025 08:40,1610,1745,3355
12/12/2025 08:45,1642,2249,3891
12/12/2025 08:50,1664,2172,3836
12/12/2025 08:55,1664,1625,3289
12/12/2025 09:00,1743,1711,3454
12/12/2025 09:05,1715,2020,3735
12/12/2025 09:10,1771,1367,3138
12/12/2025 09:15,1745,1399,3144
12/12/2025 09:20,1815,1197,3012
12/12/2025 09:25,1809,867,2676
12/12/2025 09:30,1851,1286,3137
12/12/2025 09:35,1933,1172,3105
12/12/2025 09:40,2040,1453,3493
12/12/2025 09:45,2005,1328,3333
12/12/2025 09:50,2102,1159,3261
12/12/2025 09:55,2120,1310,3430
12/12/2025 10:00,2188,1333,3521
12/12/2025 10:05,2188,1229,3417
12/12/2025 10:10,2179,1237,3416
12/12/2025 10:15,2216,1209,3425
12/12/2025 10:20,2181,1259,3440
12/12/2025 10:25,2217,1459,3676
12/12/2025 10:30,2238,1337,3575
12/12/2025 10:35,2230,1280,3510
12/12/2025 10:40,2310,1262,3572
12/12/2025 10:45,2303,1706,4009
12/12/2025 10:50,2346,1136,3482
12/12/2025 10:55,2284,1163,3447
12/12/2025 11:00,2360,2241,4601
12/12/2025 11:05,2325,2209,4534
12/12/2025 11:10,2294,2293,4587
12/12/2025 11:15,2348,2346,4694
12/12/2025 11:20,2406,2789,5195
12/12/2025 11:25,2342,2418,4760
12/12/2025 11:30,2282,2636,4918
12/12/2025 11:35,2380,2425,4805
12/12/2025 11:40,2435,2287,4722
12/12/2025 11:45,2495,1287,3782
12/12/2025 11:50,2529,1297,3826
12/12/2025 11:55,2620,2110,4730
12/12/2025 12:00,2583,2165,4748
12/12/2025 12:05,2537,2033,4570
12/12/2025 12:10,2546,2147,4693
12/12/2025 12:15,1486,3019,4505
12/12/2025 12:20,1798,2697,4495
12/12/2025 12:25,840,3743,4583
12/12/2025 12:30,915,4888,5803
12/12/2025 12:35,925,4954,5879
12/12/2025 12:40,2551,3062,5613
12/12/2025 12:45,2404,2681,5085
12/12/2025 12:50,2385,3257,5642
12/12/2025 12:55,2239,3586,5825
12/12/2025 13:00,2393,3244,5637
12/12/2025 13:05,2320,3402,5722
12/12/2025 13:10,2299,2723,5022
12/12/2025 13:15,2346,1779,4125
12/12/2025 13:20,2280,2939,5219
12/12/2025 13:25,806,4567,5373
12/12/2025 13:30,772,3366,4138
12/12/2025 13:35,1041,3275,4316
12/12/2025 13:40,653,4532,5185
12/12/2025 13:45,545,4670,5215
12/12/2025 13:50,652,4639,5291
12/12/2025 13:55,799,4431,5230
12/12/2025 14:00,894,4324,5218
12/12/2025 14:05,595,4865,5460
12/12/2025 14:10,474,3962,4436
12/12/2025 14:15,385,4033,4418
12/12/2025 14:20,374,4014,4388
12/12/2025 14:25,339,4229,4568
12/12/2025 14:30,326,4141,4467
12/12/2025 14:35,431,4039,4470
12/12/2025 14:40,334,4224,4558
12/12/2025 14:45,429,4091,4520
12/12/2025 14:50,481,4377,4858
12/12/2025 14:55,396,4063,4459
12/12/2025 15:00,365,4328,4693
12/12/2025 15:05,296,4161,4457
12/12/2025 15:10,230,4299,4529
12/12/2025 15:15,284,4285,4569
12/12/2025 15:20,638,3995,4633
12/12/2025 15:25,895,3727,4622
12/12/2025 15:30,816,3722,4538
12/12/2025 15:35,596,4008,4604
12/12/2025 15:40,723,3826,4549
12/12/2025 15:45,677,5351,6028
12/12/2025 15:50,605,4687,5292
12/12/2025 15:55,532,5302,5834
12/12/2025 16:00,427,4990,5417
12/12/2025 16:05,273,4974,5247
12/12/2025 16:10,223,4943,5166
12/12/2025 16:15,261,4273,4534
12/12/2025 16:20,239,3722,3961
12/12/2025 16:25,168,3767,3935
12/12/2025 16:30,106,4924,5030
12/12/2025 16:35,39,4485,4524
12/12/2025 16:40,0,3967,3967
12/12/2025 16:45,0,4021,4021
12/12/2025 16:50,0,3965,3965
12/12/2025 16:55,0,4136,4136
12/12/2025 17:00,0,4646,4646
12/12/2025 17:05,0,4629,4629
12/12/2025 17:10,0,4695,4695
12/12/2025 17:15,0,4562,4562
12/12/2025 17:20,0,4615,4615
12/12/2025 17:25,0,5061,5061
12/12/2025 17:30,0,4508,4508
12/12/2025 17:35,0,4467,4467
12/12/2025 17:40,0,5597,5597
12/12/2025 17:45,0,4454,4454
12/12/2025 17:50,0,4579,4579
12/12/2025 17:55,0,4511,4511
12/12/2025 18:00,0,4500,4500
12/12/2025 18:05,0,2785,2785
12/12/2025 18:10,0,2831,2831
12/12/2025 18:15,0,2817,2817
12/12/2025 18:20,0,3265,3265
12/12/2025 18:25,0,3338,3338
12/12/2025 18:30,0,2821,2821
12/12/2025 18:35,0,2890,2890
12/12/2025 18:40,0,2564,2564
12/12/2025 18:45,0,2578,2578
12/12/2025 18:50,0,2582,2582
12/12/2025 18:55,0,2858,2858
12/12/2025 19:00,0,2089,2089
12/12/2025 19:05,0,1967,1967
12/12/2025 19:10,0,1938,1938
12/12/2025 19:15,0,1994,1994
12/12/2025 19:20,0,1926,1926
12/12/2025 19:25,0,2278,2278
12/12/2025 19:30,0,2027,2027
12/12/2025 19:35,0,1936,1936
12/12/2025 19:40,0,1927,1927
12/12/2025 19:45,0,1930,1930
12/12/2025 19:50,0,1914,1914
12/12/2025 19:55,0,2059,2059
12/12/2025 20:00,0,1964,1964
12/12/2025 20:05,0,1976,1976
12/12/2025 20:10,0,1946,1946
12/12/2025 20:15,0,1969,1969
12/12/2025 20:20,0,1967,1967
12/12/2025 20:25,0,2072,2072
12/12/2025 20:30,0,1977,1977
12/12/2025 20:35,0,1988,1988
12/12/2025 20:40,0,1979,1979
12/12/2025 20:45,0,1988,1988
12/12/2025 20:50,0,2039,2039
12/12/2025 20:55,0,1923,1923
12/12/2025 21:00,0,1915,1915
12/12/2025 21:05,0,1924,1924
12/12/2025 21:10,0,2298,2298
12/12/2025 21:15,0,1936,1936
12/12/2025 21:20,0,2026,2026
12/12/2025 21:25,0,1916,1916
12/12/2025 21:30,0,1914,1914
12/12/2025 21:35,0,2390,2390
12/12/2025 21:40,0,2526,2526
12/12/2025 21:45,0,2633,2633
12/12/2025 21:50,0,2062,2062
12/12/2025 21:55,0,2506,2506
12/12/2025 22:00,0,2313,2313
12/12/2025 22:05,0,1958,1958
12/12/2025 22:10,0,2325,2325
12/12/2025 22:15,0,2090,2090
12/12/2025 22:20,0,2324,2324
12/12/2025 22:25,0,1897,1897
12/12/2025 22:30,0,2685,2685
12/12/2025 22:35,0,2341,2341
12/12/2025 22:40,0,2330,2330
12/12/2025 22:45,0,2438,2438
12/12/2025 22:50,0,1889,1889
12/12/2025 22:55,0,1837,1837
12/12/2025 23:00,0,1804,1804
12/12/2025 23:05,0,1784,1784
12/12/2025 23:10,0,1965,1965
12/12/2025 23:15,0,2217,2217
12/12/2025 23:20,0,1824,1824
12/12/2025 23:25,0,1830,1830
12/12/2025 23:30,0,1819,1819
12/12/2025 23:35,0,1818,1818
12/12/2025 23:40,0,2375,2375
12/12/2025 23:45,0,1821,1821
12/12/2025 23:50,0,1830,1830
12/12/2025 23:55,0,1824,1824
12/13/2025 00:00,0,1756,1756
12/13/2025 00:05,0,1767,1767
12/13/2025 00:10,0,1878,1878
12/13/2025 00:15,0,2220,2220
12/13/2025 00:20,0,2142,2142
12/13/2025 00:25,0,1762,1762
12/13/2025 00:30,0,1760,1760
12/13/2025 00:35,0,1888,1888
12/13/2025 00:40,0,1758,1758
12/13/2025 00:45,0,1810,1810
12/13/2025 00:50,0,2259,2259
12/13/2025 00:55,0,1816,1816
12/13/2025 01:00,0,1820,1820
12/13/2025 01:05,0,1930,1930
12/13/2025 01:10,0,1819,1819
12/13/2025 01:15,0,1813,1813
12/13/2025 01:20,0,1814,1814
12/13/2025 01:25,0,1813,1813
12/13/2025 01:30,0,1825,1825
12/13/2025 01:35,0,1860,1860
12/13/2025 01:40,0,1742,1742
12/13/2025 01:45,0,2564,2564
12/13/2025 01:50,0,1748,1748
12/13/2025 01:55,0,1742,1742
12/13/2025 02:00,0,1750,1750
12/13/2025 02:05,0,2235,2235
12/13/2025 02:10,0,1746,1746
12/13/2025 02:15,0,1748,1748
12/13/2025 02:20,0,1822,1822
12/13/2025 02:25,0,1815,1815
12/13/2025 02:30,0,1933,1933
12/13/2025 02:35,0,1811,1811
12/13/2025 02:40,0,1805,1805
12/13/2025 02:45,0,1806,1806
12/13/2025 02:50,0,1805,1805
12/13/2025 02:55,0,1808,1808
12/13/2025 03:00,0,1925,1925
12/13/2025 03:05,0,1811,1811
12/13/2025 03:10,0,2171,2171
12/13/2025 03:15,0,2180,2180
12/13/2025 03:20,0,1738,1738
12/13/2025 03:25,0,1743,1743
12/13/2025 03:30,0,1849,1849
12/13/2025 03:35,0,1743,1743
12/13/2025 03:40,0,1737,1737
12/13/2025 03:45,0,1746,1746
12/13/2025 03:50,0,1737,1737
12/13/2025 03:55,0,1743,1743
12/13/2025 04:00,0,1918,1918
12/13/2025 04:05,0,1809,1809
12/13/2025 04:10,0,1811,1811
12/13/2025 04:15,0,2182,2182
12/13/2025 04:20,0,1809,1809
12/13/2025 04:25,0,1923,1923
12/13/2025 04:30,0,1911,1911
12/13/2025 04:35,0,1805,1805
12/13/2025 04:40,0,1807,1807
12/13/2025 04:45,0,1809,1809
12/13/2025 04:50,0,1737,1737
12/13/2025 04:55,0,1651,1651
12/13/2025 05:00,0,1976,1976
12/13/2025 05:05,0,1530,1530
12/13/2025 05:10,0,1525,1525
12/13/2025 05:15,0,1502,1502
12/13/2025 05:20,0,1417,1417
12/13/2025 05:25,0,1151,1151
12/13/2025 05:30,0,1029,1029
12/13/2025 05:35,0,1534,1534
12/13/2025 05:40,0,1488,1488
12/13/2025 05:45,0,1102,1102
12/13/2025 05:50,0,1981,1981
12/13/2025 05:55,0,2084,2084
12/13/2025 06:00,0,1982,1982
12/13/2025 06:05,47,2043,2090
12/13/2025 06:10,64,2102,2166
12/13/2025 06:15,80,1875,1955
12/13/2025 06:20,94,1809,1903
12/13/2025 06:25,102,3268,3370
12/13/2025 06:30,123,3113,3236
12/13/2025 06:35,150,3078,3228
12/13/2025 06:40,150,1725,1875
12/13/2025 06:45,117,2192,2309
12/13/2025 06:50,116,1749,1865
12/13/2025 06:55,118,1858,1976
12/13/2025 07:00,149,842,991
12/13/2025 07:05,189,863,1052
12/13/2025 07:10,290,769,1059
12/13/2025 07:15,355,855,1210
12/13/2025 07:20,379,1260,1639
12/13/2025 07:25,396,899,1295
12/13/2025 07:30,446,785,1231
12/13/2025 07:35,485,1285,1770
12/13/2025 07:40,506,655,1161
12/13/2025 07:45,567,1164,1731
12/13/2025 07:50,632,1984,2616
12/13/2025 07:55,719,1475,2194
12/13/2025 08:00,734,1067,1801
12/13/2025 08:05,785,1002,1787
12/13/2025 08:10,856,752,1608
12/13/2025 08:15,897,1097,1994
12/13/2025 08:20,857,875,1732
12/13/2025 08:25,878,725,1603
12/13/2025 08:30,888,738,1626
12/13/2025 08:35,939,669,1608
12/13/2025 08:40,999,684,1683
12/13/2025 08:45,1076,606,1682
12/13/2025 08:50,1156,646,1802
12/13/2025 08:55,1118,557,1675
12/13/2025 09:00,1027,497,1524
12/13/2025 09:05,1084,868,1952
12/13/2025 09:10,1032,501,1533
12/13/2025 09:15,1057,474,1531
12/13/2025 09:20,1226,411,1637
12/13/2025 09:25,1346,169,1515
12/13/2025 09:30,1538,0,1538
12/13/2025 09:35,1734,-276,1458
12/13/2025 09:40,1748,523,2271
12/13/2025 09:45,1730,-273,1457
12/13/2025 09:50,1533,168,1701
12/13/2025 09:55,1963,-365,1598
12/13/2025 10:00,1980,-402,1578
12/13/2025 10:05,1983,-213,1770
12/13/2025 10:10,2142,-573,1569
12/13/2025 10:15,2057,-281,1776
12/13/2025 10:20,2111,-490,1621
12/13/2025 10:25,2208,806,3014
12/13/2025 10:30,2340,-717,1623
12/13/2025 10:35,2190,-399,1791
12/13/2025 10:40,1979,-113,1866
12/13/2025 10:45,2158,-145,2013
12/13/2025 10:50,1577,324,1901
12/13/2025 10:55,1409,482,1891
12/13/2025 11:00,1134,700,1834
12/13/2025 11:05,1244,593,1837
12/13/2025 11:10,1312,879,2191
12/13/2025 11:15,1803,162,1965
12/13/2025 11:20,2266,-472,1794
12/13/2025 11:25,2446,-669,1777
12/13/2025 11:30,2461,-710,1751
12/13/2025 11:35,2397,-643,1754
12/13/2025 11:40,2537,-767,1770
12/13/2025 11:45,2537,-105,2432
12/13/2025 11:50,2587,-903,1684
12/13/2025 11:55,1419,783,2202
12/13/2025 12:00,1978,-174,1804
12/13/2025 12:05,1709,111,1820
12/13/2025 12:10,1664,294,1958
12/13/2025 12:15,2098,-240,1858
12/13/2025 12:20,1214,573,1787
12/13/2025 12:25,1179,825,2004
12/13/2025 12:30,1337,622,1959
12/13/2025 12:35,1287,693,1980
12/13/2025 12:40,1260,808,2068
12/13/2025 12:45,1682,219,1901
12/13/2025 12:50,1682,219,1901
12/13/2025 12:55,2208,265,2473
12/13/2025 13:00,2518,-708,1810
12/13/2025 13:05,2419,-644,1775
12/13/2025 13:10,2426,-538,1888
12/13/2025 13:15,2404,-602,1802
12/13/2025 13:20,2365,-612,1753
12/13/2025 13:25,2332,-662,1670
12/13/2025 13:30,2272,-173,2099
12/13/2025 13:35,2266,81,2347
12/13/2025 13:40,2275,-565,1710
12/13/2025 13:45,2226,-505,1721
12/13/2025 13:50,2093,-378,1715
12/13/2025 13:55,953,697,1650
12/13/2025 14:00,2027,-301,1726
12/13/2025 14:05,1748,101,1849
12/13/2025 14:10,1898,-146,1752
12/13/2025 14:15,1850,272,2122
12/13/2025 14:20,1968,-232,1736
12/13/2025 14:25,1876,326,2202
12/13/2025 14:30,1355,361,1716
12/13/2025 14:35,1147,423,1570
12/13/2025 14:40,541,1391,1932
12/13/2025 14:45,498,1040,1538
12/13/2025 14:50,486,1049,1535
12/13/2025 14:55,554,989,1543
12/13/2025 15:00,571,1013,1584
12/13/2025 15:05,507,976,1483
12/13/2025 15:10,480,1003,1483
12/13/2025 15:15,402,1085,1487
12/13/2025 15:20,1263,202,1465
12/13/2025 15:25,1214,360,1574
12/13/2025 15:30,582,889,1471
12/13/2025 15:35,911,539,1450
12/13/2025 15:40,962,577,1539
12/13/2025 15:45,930,599,1529
12/13/2025 15:50,858,678,1536
12/13/2025 15:55,770,876,1646
12/13/2025 16:00,774,751,1525
12/13/2025 16:05,793,732,1525
12/13/2025 16:10,795,740,1535
12/13/2025 16:15,646,886,1532
12/13/2025 16:20,481,1171,1652
12/13/2025 16:25,716,868,1584
12/13/2025 16:30,653,918,1571
12/13/2025 16:35,298,1738,2036
12/13/2025 16:40,201,1351,1552
12/13/2025 16:45,166,1500,1666
12/13/2025 16:50,134,1608,1742
12/13/2025 16:55,119,3223,3342
12/13/2025 17:00,101,3207,3308
12/13/2025 17:05,111,3241,3352
12/13/2025 17:10,99,2902,3001
12/13/2025 17:15,98,3397,3495
12/13/2025 17:20,90,3256,3346
12/13/2025 17:25,88,3280,3368
12/13/2025 17:30,56,3686,3742
12/13/2025 17:35,39,3301,3340
12/13/2025 17:40,0,3501,3501
12/13/2025 17:45,19,3640,3659
12/13/2025 17:50,0,4110,4110
12/13/2025 17:55,0,3662,3662
12/13/2025 18:00,0,3682,3682
12/13/2025 18:05,0,3840,3840
12/13/2025 18:10,0,3853,3853
12/13/2025 18:15,0,3828,3828
12/13/2025 18:20,0,5251,5251
12/13/2025 18:25,0,5278,5278
12/13/2025 18:30,0,4479,4479
12/13/2025 18:35,0,4342,4342
12/13/2025 18:40,0,4267,4267
12/13/2025 18:45,0,4245,4245
12/13/2025 18:50,0,4083,4083
12/13/2025 18:55,0,2358,2358
12/13/2025 19:00,0,2241,2241
12/13/2025 19:05,0,2238,2238
12/13/2025 19:10,0,2311,2311
12/13/2025 19:15,0,2283,2283
12/13/2025 19:20,0,3459,3459
12/13/2025 19:25,0,3898,3898
12/13/2025 19:30,0,3344,3344
12/13/2025 19:35,0,3339,3339
12/13/2025 19:40,0,3350,3350
12/13/2025 19:45,0,2992,2992
12/13/2025 19:50,0,2477,2477
12/13/2025 19:55,0,2351,2351
12/13/2025 20:00,0,2338,2338
12/13/2025 20:05,0,2331,2331
12/13/2025 20:10,0,2336,2336
12/13/2025 20:15,0,2456,2456
12/13/2025 20:20,0,2341,2341
12/13/2025 20:25,0,2272,2272
12/13/2025 20:30,0,2280,2280
12/13/2025 20:35,0,2319,2319
12/13/2025 20:40,0,2402,2402
12/13/2025 20:45,0,2658,2658
12/13/2025 20:50,0,2281,2281
12/13/2025 20:55,0,2266,2266
12/13/2025 21:00,0,2267,2267
12/13/2025 21:05,0,2334,2334
12/13/2025 21:10,0,2455,2455
12/13/2025 21:15,0,2338,2338
12/13/2025 21:20,0,2335,2335
12/13/2025 21:25,0,2341,2341
12/13/2025 21:30,0,2725,2725
12/13/2025 21:35,0,2501,2501
12/13/2025 21:40,0,2368,2368
12/13/2025 21:45,0,2356,2356
12/13/2025 21:50,0,2343,2343
12/13/2025 21:55,0,2802,2802
12/13/2025 22:00,0,2457,2457
12/13/2025 22:05,0,2722,2722
12/13/2025 22:10,0,2650,2650
12/13/2025 22:15,0,3000,3000
12/13/2025 22:20,0,2280,2280
12/13/2025 22:25,0,2282,2282
12/13/2025 22:30,0,2376,2376
12/13/2025 22:35,0,2272,2272
12/13/2025 22:40,0,2337,2337
12/13/2025 22:45,0,2334,2334
12/13/2025 22:50,0,2766,2766
12/13/2025 22:55,0,2441,2441
12/13/2025 23:00,0,2802,2802
12/13/2025 23:05,0,2319,2319
12/13/2025 23:10,0,2322,2322
12/13/2025 23:15,0,2272,2272
12/13/2025 23:20,0,2271,2271
12/13/2025 23:25,0,2379,2379
12/13/2025 23:30,0,2270,2270
12/13/2025 23:35,0,2269,2269
12/13/2025 23:40,0,2637,2637
12/13/2025 23:45,0,2206,2206
12/13/2025 23:50,0,2313,2313
12/13/2025 23:55,0,2304,2304
12/14/2025 00:00,0,2189,2189
12/14/2025 00:05,0,2189,2189
12/14/2025 00:10,0,2201,2201
12/14/2025 00:15,0,2195,2195
12/14/2025 00:20,0,2307,2307
12/14/2025 00:25,0,2272,2272
12/14/2025 00:30,0,2266,2266
12/14/2025 00:35,0,2268,2268
12/14/2025 00:40,0,2269,2269
12/14/2025 00:45,0,2758,2758
12/14/2025 00:50,0,2267,2267
12/14/2025 00:55,0,2275,2275
12/14/2025 01:00,0,2718,2718
12/14/2025 01:05,0,2269,2269
12/14/2025 01:10,0,2269,2269
12/14/2025 01:15,0,2389,2389
12/14/2025 01:20,0,2269,2269
12/14/2025 01:25,0,2208,2208
12/14/2025 01:30,0,2206,2206
12/14/2025 01:35,0,2202,2202
12/14/2025 01:40,0,2314,2314
12/14/2025 01:45,0,2205,2205
12/14/2025 01:50,0,2186,2186
12/14/2025 01:55,0,2187,2187
12/14/2025 02:00,0,2188,2188
12/14/2025 02:05,0,2252,2252
12/14/2025 02:10,0,2729,2729
12/14/2025 02:15,0,2255,2255
12/14/2025 02:20,0,2255,2255
12/14/2025 02:25,0,2257,2257
12/14/2025 02:30,0,2697,2697
12/14/2025 02:35,0,2379,2379
12/14/2025 02:40,0,2364,2364
12/14/2025 02:45,0,2255,2255
12/14/2025 02:50,0,2257,2257
12/14/2025 02:55,0,2262,2262
12/14/2025 03:00,0,2192,2192
12/14/2025 03:05,0,2303,2303
12/14/2025 03:10,0,2198,2198
12/14/2025 03:15,0,2196,2196
12/14/2025 03:20,0,2201,2201
12/14/2025 03:25,0,2646,2646
12/14/2025 03:30,0,2196,2196
12/14/2025 03:35,0,2679,2679
12/14/2025 03:40,0,2190,2190
12/14/2025 03:45,0,2262,2262
12/14/2025 03:50,0,2261,2261
12/14/2025 03:55,0,2263,2263
12/14/2025 04:00,0,2370,2370
12/14/2025 04:05,0,2260,2260
12/14/2025 04:10,0,2250,2250
12/14/2025 04:15,0,2254,2254
12/14/2025 04:20,0,2694,2694
12/14/2025 04:25,0,2250,2250
12/14/2025 04:30,0,2364,2364
12/14/2025 04:35,0,2266,2266
12/14/2025 04:40,0,2557,2557
12/14/2025 04:45,0,2184,2184
12/14/2025 04:50,0,2192,2192
12/14/2025 04:55,0,2303,2303
12/14/2025 05:00,0,2296,2296
12/14/2025 05:05,0,2184,2184
12/14/2025 05:10,0,2185,2185
12/14/2025 05:15,0,2182,2182
12/14/2025 05:20,0,1621,1621
12/14/2025 05:25,0,1568,1568
12/14/2025 05:30,0,1453,1453
12/14/2025 05:35,0,1456,1456
12/14/2025 05:40,0,1465,1465
12/14/2025 05:45,0,1463,1463
12/14/2025 05:50,0,1459,1459
12/14/2025 05:55,26,1554,1580
12/14/2025 06:00,0,1463,1463
12/14/2025 06:05,54,1399,1453
12/14/2025 06:10,92,1360,1452
12/14/2025 06:15,123,1716,1839
12/14/2025 06:20,145,1374,1519
12/14/2025 06:25,169,1330,1499
12/14/2025 06:30,203,1193,1396
12/14/2025 06:35,227,1162,1389
12/14/2025 06:40,271,1095,1366
12/14/2025 06:45,318,1048,1366
12/14/2025 06:50,378,1545,1923
12/14/2025 06:55,438,920,1358
12/14/2025 07:00,506,921,1427
12/14/2025 07:05,575,848,1423
12/14/2025 07:10,639,948,1587
12/14/2025 07:15,673,916,1589
12/14/2025 07:20,692,1000,1692
12/14/2025 07:25,792,798,1590
12/14/2025 07:30,882,731,1613
12/14/2025 07:35,961,644,1605
12/14/2025 07:40,1071,546,1617
12/14/2025 07:45,1149,877,2026
12/14/2025 07:50,1129,485,1614
12/14/2025 07:55,827,682,1509
12/14/2025 08:00,757,731,1488
12/14/2025 08:05,911,586,1497
12/14/2025 08:10,905,659,1564
12/14/2025 08:15,997,695,1692
12/14/2025 08:20,1037,963,2000
12/14/2025 08:25,1202,273,1475
12/14/2025 08:30,1210,817,2027
12/14/2025 08:35,1073,446,1519
12/14/2025 08:40,1029,521,1550
12/14/2025 08:45,1062,579,1641
12/14/2025 08:50,945,559,1504
12/14/2025 08:55,1076,464,1540
12/14/2025 09:00,1525,6,1531
12/14/2025 09:05,1293,249,1542
12/14/2025 09:10,1542,28,1570
12/14/2025 09:15,1156,515,1671
12/14/2025 09:20,1262,276,1538
12/14/2025 09:25,1052,475,1527
12/14/2025 09:30,1111,433,1544
12/14/2025 09:35,1235,227,1462
12/14/2025 09:40,1231,224,1455
12/14/2025 09:45,803,779,1582
12/14/2025 09:50,656,785,1441
12/14/2025 09:55,524,918,1442
12/14/2025 10:00,494,956,1450
12/14/2025 10:05,620,1508,2128
12/14/2025 10:10,456,1686,2142
12/14/2025 10:15,450,1836,2286
12/14/2025 10:20,670,1502,2172
12/14/2025 10:25,910,1265,2175
12/14/2025 10:30,1133,1020,2153
12/14/2025 10:35,1095,1092,2187
12/14/2025 10:40,791,1478,2269
12/14/2025 10:45,677,1491,2168
12/14/2025 10:50,781,1385,2166
12/14/2025 10:55,795,1371,2166
12/14/2025 11:00,733,1435,2168
12/14/2025 11:05,572,1581,2153
12/14/2025 11:10,581,1684,2265
12/14/2025 11:15,897,1187,2084
12/14/2025 11:20,1536,570,2106
12/14/2025 11:25,1356,1182,2538
12/14/2025 11:30,1730,383,2113
12/14/2025 11:35,1867,350,2217
12/14/2025 11:40,1745,364,2109
12/14/2025 11:45,1257,854,2111
12/14/2025 11:50,1235,873,2108
12/14/2025 11:55,1086,1565,2651
12/14/2025 12:00,736,1451,2187
12/14/2025 12:05,474,1819,2293
12/14/2025 12:10,433,1740,2173
12/14/2025 12:15,668,1502,2170
12/14/2025 12:20,924,1678,2602
12/14/2025 12:25,1367,830,2197
12/14/2025 12:30,1421,877,2298
12/14/2025 12:35,1852,434,2286
12/14/2025 12:40,2242,-58,2184
12/14/2025 12:45,1955,278,2233
12/14/2025 12:50,1351,828,2179
12/14/2025 12:55,1071,1114,2185
12/14/2025 13:00,1467,843,2310
12/14/2025 13:05,1454,684,2138
12/14/2025 13:10,1469,649,2118
12/14/2025 13:15,1250,882,2132
12/14/2025 13:20,1625,470,2095
12/14/2025 13:25,1132,1101,2233
12/14/2025 13:30,1110,1014,2124
12/14/2025 13:35,974,1089,2063
12/14/2025 13:40,1412,674,2086
12/14/2025 13:45,772,1366,2138
12/14/2025 13:50,778,1365,2143
12/14/2025 13:55,518,2150,2668
12/14/2025 14:00,668,1468,2136
12/14/2025 14:05,527,1616,2143
12/14/2025 14:10,375,1756,2131
12/14/2025 14:15,468,1688,2156
12/14/2025 14:20,620,1658,2278
12/14/2025 14:25,681,2892,3573
12/14/2025 14:30,808,3173,3981
12/14/2025 14:35,627,3421,4048
12/14/2025 14:40,667,3371,4038
12/14/2025 14:45,1091,3025,4116
12/14/2025 14:50,832,1458,2290
12/14/2025 14:55,666,1044,1710
12/14/2025 15:00,624,1042,1666
12/14/2025 15:05,637,963,1600
12/14/2025 15:10,914,679,1593
12/14/2025 15:15,751,949,1700
12/14/2025 15:20,779,815,1594
12/14/2025 15:25,650,1306,1956
12/14/2025 15:30,720,1235,1955
12/14/2025 15:35,722,1282,2004
12/14/2025 15:40,588,1408,1996
12/14/2025 15:45,585,1584,2169
12/14/2025 15:50,429,1303,1732
12/14/2025 15:55,432,1291,1723
12/14/2025 16:00,356,1369,1725
12/14/2025 16:05,282,1455,1737
12/14/2025 16:10,271,1571,1842
12/14/2025 16:15,338,1401,1739
12/14/2025 16:20,315,1419,1734
12/14/2025 16:25,272,1905,2177
12/14/2025 16:30,282,1449,1731
12/14/2025 16:35,267,1584,1851
12/14/2025 16:40,251,1489,1740
12/14/2025 16:45,232,1882,2114
12/14/2025 16:50,218,1448,1666
12/14/2025 16:55,200,2066,2266
12/14/2025 17:00,172,1520,1692
12/14/2025 17:05,140,1637,1777
12/14/2025 17:10,118,1585,1703
12/14/2025 17:15,106,4560,4666
12/14/2025 17:20,93,5490,5583
12/14/2025 17:25,78,5698,5776
12/14/2025 17:30,61,5868,5929
12/14/2025 17:35,47,5721,5768
12/14/2025 17:40,31,5745,5776
12/14/2025 17:45,0,6037,6037
12/14/2025 17:50,0,5976,5976
12/14/2025 17:55,0,6113,6113
12/14/2025 18:00,0,6052,6052
12/14/2025 18:05,0,6308,6308
12/14/2025 18:10,0,6286,6286
12/14/2025 18:15,0,6267,6267
12/14/2025 18:20,0,6274,6274
12/14/2025 18:25,0,6863,6863
12/14/2025 18:30,0,6755,6755
12/14/2025 18:35,0,6848,6848
12/14/2025 18:40,0,6344,6344
12/14/2025 18:45,0,6372,6372
12/14/2025 18:50,0,5912,5912
12/14/2025 18:55,0,5787,5787
12/14/2025 19:00,0,5819,5819
12/14/2025 19:05,0,5754,5754
12/14/2025 19:10,0,5821,5821
12/14/2025 19:15,0,5802,5802
12/14/2025 19:20,0,6207,6207
12/14/2025 19:25,0,5576,5576
12/14/2025 19:30,0,5581,5581
12/14/2025 19:35,0,5584,5584
12/14/2025 19:40,0,2274,2274
12/14/2025 19:45,0,1953,1953
12/14/2025 19:50,0,1834,1834
12/14/2025 19:55,0,1839,1839
12/14/2025 20:00,0,2331,2331
12/14/2025 20:05,0,1820,1820
12/14/2025 20:10,0,1931,1931
12/14/2025 20:15,0,1917,1917
12/14/2025 20:20,0,1814,1814
12/14/2025 20:25,0,1812,1812
12/14/2025 20:30,0,1822,1822
12/14/2025 20:35,0,1832,1832
12/14/2025 20:40,0,1933,1933
12/14/2025 20:45,0,1832,1832
12/14/2025 20:50,0,1896,1896
12/14/2025 20:55,0,2321,2321
12/14/2025 21:00,0,2448,2448
12/14/2025 21:05,0,1879,1879
12/14/2025 21:10,0,1991,1991
12/14/2025 21:15,0,2316,2316
12/14/2025 21:20,0,1884,1884
12/14/2025 21:25,0,1879,1879
12/14/2025 21:30,0,1872,1872
12/14/2025 21:35,0,1985,1985
12/14/2025 21:40,0,1869,1869
12/14/2025 21:45,0,1806,1806
12/14/2025 21:50,0,1805,1805
12/14/2025 21:55,0,1801,1801
12/14/2025 22:00,0,1807,1807
12/14/2025 22:05,0,1907,1907
12/14/2025 22:10,0,1809,1809
12/14/2025 22:15,0,1805,1805
12/14/2025 22:20,0,1804,1804
12/14/2025 22:25,0,1863,1863
12/14/2025 22:30,0,1985,1985
12/14/2025 22:35,0,1873,1873
12/14/2025 22:40,0,1870,1870
12/14/2025 22:45,0,1868,1868
12/14/2025 22:50,0,2301,2301
12/14/2025 22:55,0,1862,1862
12/14/2025 23:00,0,1980,1980
12/14/2025 23:05,0,1879,1879
12/14/2025 23:10,0,1875,1875
12/14/2025 23:15,0,1873,1873
12/14/2025 23:20,0,1806,1806
12/14/2025 23:25,0,2367,2367
12/14/2025 23:30,0,1916,1916
12/14/2025 23:35,0,1805,1805
12/14/2025 23:40,0,1805,1805
12/14/2025 23:45,0,2260,2260
12/14/2025 23:50,0,1823,1823
12/14/2025 23:55,0,1936,1936
,,,
,,,
